name,country,date,num,cvv
Nolan,Slovenia,26.11.2024,7,401
Nolan,Albania,26.11.2024,7,401
Nolan,A,26.11.2024,7,401
Nolan,B,26.11.2024,7,401
Nolan,C,26.11.2024,7,401
Nolan,CD,26.11.2024,7,401
Nolan,D,26.11.2024,7,401
Nolan,DE,26.11.2024,7,401
Nolan,E,26.11.2024,7,401
Nolan,EF,26.11.2024,7,401
Nolan,F,26.11.2024,7,401
Nolan,FG,26.11.2024,7,401
Nolan,G,26.11.2024,7,401
Nolan,GI,26.11.2024,7,401
Nolan,GII,26.11.2024,7,401
Nolan,GIII,26.11.2024,7,401
Nolan,GIIII,26.11.2024,7,401
Nolan,GIIIII,26.11.2024,7,401
Nolan,GIIIIII,26.11.2024,7,401
Nolan,GIIIIIII,26.11.2024,7,401
Nolan,GIIIIIIII,26.11.2024,7,401
Nolan,GIIIIIIII,26.11.2024,7,401
Nolan,GIIIIIIIII,26.11.2024,7,401
Nolan,GIIIIIIIIII,26.11.2024,7,401
Nolan,GIIIIIIIIIII,26.11.2024,7,401
Nolan,GIIIIIIIIIIII,26.11.2024,7,401
Nolan,GIIIIIIIIIIIII,26.11.2024,7,401
Nolan,GIIIIIIIIIIIIII,26.11.2024,7,401
Nolan,GIIIIIIIIIIIIIII,26.11.2024,7,401
Nolan,GIIIIIIIIIIIIIIII,26.11.2024,7,401
Nolan,GIIIIIIIIIIIIIIIII,26.11.2024,7,401
Nolan,GIIIIIIIIIIIIIIIIII,26.11.2024,7,401
Nolan,GIIIIIIIIIIIIIIIIII,26.11.2024,7,401
Nolan,GIIIIIIIIIIIIIIIIIII,26.11.2024,7,401
Nolan,H,26.11.2024,7,401
Nolan,HI,26.11.2024,7,401
Nolan,HII,26.11.2024,7,401
Nolan,HIII,26.11.2024,7,401
Nolan,HIIII,26.11.2024,7,401
Nolan,HIIIII,26.11.2024,7,401
Nolan,HIIIII,26.11.2024,7,401
Nolan,HIIIIII,26.11.2024,7,401
Nolan,HIIIIIII,26.11.2024,7,401
Nolan,HIIIIIIII,26.11.2024,7,401
Nolan,HIIIIIIIII,26.11.2024,7,401
Nolan,HIIIIIIIIII,26.11.2024,7,401
Nolan,HIIIIIIIIIII,26.11.2024,7,401
Nolan,HIIIIIIIIIIII,26.11.2024,7,401
Nolan,HIIIIIIIIIIIII,26.11.2024,7,401
Nolan,HIIIIIIIIIIIIII,26.11.2024,7,401
Nolan,HIIIIIIIIIIIIIII,26.11.2024,7,401
Nolan,HIIIIIIIIIIIIIIII,26.11.2024,7,401
Nolan,HIIIIIIIIIIIIIIIII,26.11.2024,7,401
Nolan,HIIIIIIIIIIIIIIIIII,26.11.2024,7,401
Nolan,HIIIIIIIIIIIIIIIIIII,26.11.2024,7,401
Nolan,HIIIIIIIIIIIIIIIIIIII,26.11.2024,7,401
Nolan,U,26.11.2024,7,401
Nolan,Uk,26.11.2024,7,401
Nolan,UkK,26.11.2024,7,401
Nolan,UkKK,26.11.2024,7,401
Nolan,UkKKK,26.11.2024,7,401
Nolan,UkKKKK,26.11.2024,7,401
Nolan,UkKKKKK,26.11.2024,7,401
Nolan,UkKKKKKK,26.11.2024,7,401
Nolan,UkKKKKKKK,26.11.2024,7,401
Nolan,UkKKKKKKKK,26.11.2024,7,401
Nolan,UkKKKKKKKKK,26.11.2024,7,401
Nolan,UkKKKKKKKKKK,26.11.2024,7,401
Nolan,UkKKKKKKKKKKKI,26.11.2024,7,401
Nolan,UkKKKKKKKKKKKII,26.11.2024,7,401
Nolan,UkKKKKKKKKKKKIII,26.11.2024,7,401
A,United Kingdom,26.11.2024,7,401
A,United Kingdom,26.11.2024,8,401
B,United Kingdom,26.11.2024,7,401
C,United Kingdom,26.11.2024,7,401
D,United Kingdom,26.11.2024,7,401
E,United Kingdom,26.11.2024,7,401